<?xml version="1.0" encoding="UTF-8"?>
<project-private xmlns="http://www.netbeans.org/ns/project-private/1">
    <editor-bookmarks xmlns="http://www.netbeans.org/ns/editor-bookmarks/2" lastBookmarkId="0"/>
    <open-files xmlns="http://www.netbeans.org/ns/projectui-open-files/2">
        <group>
            <file>file:/E:/Tiago/faculdade/A3ST/src/a3st/A31.java</file>
            <file>file:/E:/Tiago/faculdade/A3ST/src/a3st/A3Dados.java</file>
            <file>file:/E:/Tiago/faculdade/A3ST/src/a3st/Cadastro2.java</file>
            <file>file:/E:/Tiago/faculdade/A3ST/src/a3st/A3ALM.java</file>
            <file>file:/E:/Tiago/faculdade/A3ST/src/a3st/A3CDF.java</file>
            <file>file:/E:/Tiago/faculdade/A3ST/src/a3st/A3MUC.java</file>
            <file>file:/E:/Tiago/faculdade/A3ST/src/a3st/A3instituição.java</file>
            <file>file:/E:/Tiago/faculdade/A3ST/src/a3st/A3HC.java</file>
            <file>file:/E:/Tiago/faculdade/A3ST/src/a3st/a3f.java</file>
            <file>file:/E:/Tiago/faculdade/A3ST/src/a3st/A3Cadstro.java</file>
            <file>file:/E:/Tiago/faculdade/A3ST/src/a3st/A3Dcronicas.java</file>
            <file>file:/E:/Tiago/faculdade/A3ST/src/a3st/AERsenha2.java</file>
            <file>file:/E:/Tiago/faculdade/A3ST/src/a3st/A3Rsenha.java</file>
        </group>
    </open-files>
</project-private>
